master:changeme
postgre:postgre
syncthing:12345678
tuan:tuan@123
tong:tong
tez:tez
sikha:sikha
hlw:hlw
kitti:kitti
multicraft:multicraft
colleen:colleen
flynn:flynn
postpone:postpone
jie:jie
valdo:valdo
ludo:ludo
oracli:oracli
aplmgr01:aplmgr01
want:want
jaxson:jaxson
baby:baby
basesystem:basesystem
jia:jia
history:history
serveur5:serveur5
compnf:compnf
nathan:nathan
malay:malay
mongod:mongod
pych:pych
appuser:appuser
hemamdar:hemamdar
transoft:transoft
sulo:sulo
hky:hky
jakse:jakse
sogo:sogo
debby:debby
hv:hv
