shin:123456
dbuser:ChangeMe
lucid:123456
zak:zak
nexus:nexus
svn:123456
usuario:Welcome@123
work:Welcome123
summer:summer
tong:tong@123
retag:changeme
ai:ai@123
deamon:welcome123
tssbot:tssbot
cristian:cristian
ak:ak
databse:databse
celery:celery
maeder:maeder
netdev:netdev
gl:gl
nelio:nelio
reggello:reggello
otmpbb3583:otmpbb3583
ramses:ramses
kalavathi:kalavathi
san:san
esgm:esgm
pinguin:pinguin
zephyr:zephyr
margaux:margaux
emmet:emmet
cloudsigma:cloudsigma
ns2:ns2
diag:diag
giaou:giaou
twadmin:twadmin
npc:npc
ubuntu:ubuntu
root:123456
PRUEBA:PRUEBA@123
profesor:profesor
jesus:welcome1
leon:leon123
odoo:qwerty123
antonio:1111111
